detected,event,imo,vessel_name,flag,gt,length_m,berths,arrived,days_alongside,planned_departure,visit_id
2026-09-19 23:28,REPAIR,9864772,BENABELL G,AG,2518.00,89.75,"DG-55, MKR-1",2026-09-19 06:56,0.7,2026-09-21 00:00,3046455
2026-09-19 23:28,REPAIR,9196187,WESTBORG,NL,2868.00,89.25,KRS-02,2026-09-19 15:30,0.3,2026-09-20 12:00,3046450
2026-09-19 23:28,REPAIR,9467172,HUMBER SPRINTER,AG,2862.00,94.84,KRS-01,2026-09-18 17:31,1.2,2026-09-20 23:59,3046376
2026-09-19 23:28,REPAIR,1043566,MFM NICOLE,SG,27034.00,180.00,KRS-03,2026-09-18 13:47,1.4,2026-09-30 11:30,3046444
2026-09-19 23:28,REPAIR,9195743,SVEALAND,DE,2498.00,88.00,"MKR-3, ZO-10",2026-09-17 12:17,2.5,2026-09-20 21:00,3046415
2026-09-19 23:28,REPAIR,9608673,NAVA DIONYSSOS,MT,22432.00,180.40,"KR-25, MS-2, RKR-7",2026-09-19 11:44,0.5,2026-09-25 00:00,3046446
2026-09-19 23:28,REPAIR,9234276,VICTORIABORG,NL,6361.00,132.20,"PD-MTW, RKR-6",2026-09-15 10:10,4.6,2026-10-30 10:00,3046416
2026-09-19 23:28,REPAIR,9373321,CLARA K.,NL,3057.00,90.28,"MKR-4, PD-419",2026-09-12 09:23,7.6,2026-10-08 13:00,3046396
2026-09-19 23:28,REPAIR,9760407,LADY ANNE BEAU,NL,2544.00,88.00,"PD-K4, RKR-6",2026-09-10 09:35,9.6,2026-10-09 13:00,3046389
2026-09-19 23:28,REPAIR,9143099,BALTIC PURPLE,BS,11438.00,154.00,"PD-791, RKR-6",2026-09-09 17:50,10.2,2026-10-30 15:00,3046374
2026-09-19 23:28,LONG_STAY,9143099,BALTIC PURPLE,BS,11438.00,154.00,"PD-791, RKR-6",2026-09-09 17:50,10.2,2026-10-30 15:00,3046374
2026-09-19 23:28,REPAIR,9052692,BON VIVANT,LV,1596.00,81.70,"MKR-4, MKR-7, PD-MTW",2026-09-03 17:35,16.2,2026-09-30 15:00,3046336
2026-09-19 23:28,LONG_STAY,9052692,BON VIVANT,LV,1596.00,81.70,"MKR-4, MKR-7, PD-MTW",2026-09-03 17:35,16.2,2026-09-30 15:00,3046336
2026-09-19 23:28,REPAIR,9760419,LADY ASTRID,NL,2544.00,88.00,"KRS-02, MKR-4, MKR-5, PD-419, VM-4",2026-08-31 09:50,19.6,2026-09-20 18:00,3046302
2026-09-19 23:28,LONG_STAY,9760419,LADY ASTRID,NL,2544.00,88.00,"KRS-02, MKR-4, MKR-5, PD-419, VM-4",2026-08-31 09:50,19.6,2026-09-20 18:00,3046302
2026-09-19 23:28,REPAIR,9179311,LORALAND,LV,2820.00,89.90,"DG-20, PD-75",2026-07-17 19:45,64.2,2026-09-30 12:00,3045995
2026-09-19 23:28,LONG_STAY,9179311,LORALAND,LV,2820.00,89.90,"DG-20, PD-75",2026-07-17 19:45,64.2,2026-09-30 12:00,3045995
2026-09-19 23:28,LONG_STAY,9189873,SALERNO,CY,11417.00,154.00,EO-10,2026-05-26 11:54,116.5,2027-01-01 12:00,3045569
2026-09-19 23:28,LONG_STAY,9194957,KANO REEFER,PA,8507.00,143.00,EO-09,2026-05-06 21:05,136.1,2026-12-31 12:00,3045436
2026-09-19 23:28,REPAIR,,HEBO-P101,NL,4171.00,100.00,"EO-12, PD-791, RKR-6",2026-03-03 11:10,200.5,2026-09-30 12:00,3044986
2026-09-19 23:28,LONG_STAY,,HEBO-P101,NL,4171.00,100.00,"EO-12, PD-791, RKR-6",2026-03-03 11:10,200.5,2026-09-30 12:00,3044986
2026-09-19 23:28,REPAIR,7330064,POSEIDON I,KN,5019.00,106.00,RKR-4,2025-04-30 11:33,507.5,2026-10-31 12:00,3034270
2026-09-19 23:28,LONG_STAY,7330064,POSEIDON I,KN,5019.00,106.00,RKR-4,2025-04-30 11:33,507.5,2026-10-31 12:00,3034270
2026-09-19 23:28,REPAIR,8305767,ASTRA,KN,2628.00,80.40,"MKR-5, PD-419, PD-K4, RKR-4, RKR-7",2025-02-14 12:43,582.4,2026-10-15 12:00,3032756
2026-09-19 23:28,LONG_STAY,8305767,ASTRA,KN,2628.00,80.40,"MKR-5, PD-419, PD-K4, RKR-4, RKR-7",2025-02-14 12:43,582.4,2026-10-15 12:00,3032756
2026-09-20 02:26,REPAIR,8128884,ICELANDICA HAV,BS,1513.00,82.31,"MKR-3, RD-3, RKR-8",2026-09-20 00:30,0.1,2026-09-21 16:00,3046464
2026-09-20 10:28,REPAIR,9505302,HOHE BANK,GI,2415.00,86.00,KRS-02,2026-09-20 10:15,0.0,2026-09-21 14:00,3046472
2026-09-20 10:28,REPAIR,1069558,BREB BALTIA,CY,3961.00,89.98,RKR-7,2026-09-20 10:00,0.0,2026-09-21 08:00,3046467
2026-09-20 10:28,LONG_STAY,9760407,LADY ANNE BEAU,NL,2544.00,88.00,"PD-K4, RKR-6",2026-09-10 09:35,10.0,2026-10-09 13:00,3046389
2026-09-20 11:30,REPAIR,9333450,KEIT,AG,3183.00,89.00,KRS-01,2026-09-20 10:45,0.0,2026-09-21 02:00,3046453
2026-09-20 16:28,REPAIR,9038397,JOMI,BS,2827.00,88.20,MKR-1,2026-09-20 16:30,-0.0,2026-09-23 23:59,3046447
2026-09-20 22:26,REPAIR,9226774,DALSLAND,NL,3925.00,99.95,RKR-4,2026-09-20 21:00,0.1,2026-10-31 00:00,3046473
2026-09-21 16:30,REPAIR,1027017,WECO TATI,SG,35610.00,199.90,"MKR-1, VM-4",2026-09-21 16:26,0.0,2026-09-29 00:00,3046479
2026-09-22 09:36,LONG_STAY,9373321,CLARA K.,NL,3057.00,90.28,"MKR-4, PD-419",2026-09-12 09:23,10.0,2026-10-08 13:00,3046396
2026-09-22 17:31,REPAIR,9518995,RUBYLAND,PT,4220.00,106.00,"DG-19, PD-75",2026-09-21 09:20,1.3,2026-10-30 00:00,3046471
2026-09-22 18:29,REPAIR,9467184,HUMBER RUNNER,AG,2862.00,94.70,"RD-3, RKR-8, SD-4",2026-09-21 19:22,1.0,2026-09-23 23:59,3046463
2026-09-22 20:29,REPAIR,9952907,ETG UBUNTU,PA,36412.00,199.90,"KRS-02, KRS-04",2026-09-22 19:35,0.0,2026-09-25 00:00,3046485
2026-09-23 16:32,REPAIR,9472036,SPANACO SIMPLICITY,AG,2984.00,89.98,KRS-02,2026-09-23 15:40,0.0,2026-09-24 20:00,3046491
2026-09-24 10:31,REPAIR,9138202,BALTIC MERCHANT,LV,2280.00,82.00,"RD-3, RKR-7",2026-09-23 23:34,0.5,2026-09-26 01:00,3046474
2026-09-24 12:31,REPAIR,9658094,EEMS DUISBURG,NL,4678.00,108.00,KRS-01,2026-09-24 11:49,0.0,2026-09-25 12:00,3046489
2026-09-24 15:37,REPAIR,9464027,BENJAMAS NAREE,SG,23670.00,182.50,"KRS-01, ZO-02, ZO-06",2026-09-24 14:15,0.1,2026-10-05 23:00,3046481
2026-09-24 19:32,REPAIR,9480992,URSULA ESSBERGER,PT,4807.00,99.00,MKR-4,2026-09-24 18:32,0.0,2026-10-30 11:00,3046508
2026-09-24 21:34,REPAIR,9312717,CELTIC PIONEER,GB,3870.00,106.12,"DG-55, RKR-8",2026-09-24 21:12,0.0,2026-09-27 00:00,3046503
2026-09-25 10:31,REPAIR,9624861,LADY AMI,NL,2544.00,88.00,"MKR-1, MKR-2",2026-09-25 10:18,0.0,2026-09-27 14:30,3046502
2026-09-25 10:31,LONG_STAY,9234276,VICTORIABORG,NL,6361.00,132.20,"PD-MTW, RKR-6",2026-09-15 10:10,10.0,2026-10-30 10:00,3046416
2026-09-25 12:32,REPAIR,8422022,CELTICA HAV,BS,1537.00,82.45,"MKR-1, MKR-2",2026-09-25 12:17,0.0,2026-09-26 17:30,3046487
2026-09-25 19:32,REPAIR,9943932,ULVIK,SE,2658.00,89.97,KRS-01,2026-09-25 19:16,0.0,2026-09-26 16:00,3046520
2026-09-25 23:30,REPAIR,1097476,OSTELAND,PT,3961.00,89.95,"DG-20, MKR-3",2026-09-24 09:50,1.6,2026-09-26 00:00,3046500
2026-09-26 12:29,REPAIR,9851220,SCOT RANGER,GB,3457.00,89.98,"JM-23, KRS-01, KRS-02, MKR-1, VM-4",2026-09-26 12:28,0.0,2026-09-28 20:00,3046518
2026-09-27 11:31,REPAIR,9765873,BALTIC SPIRIT,BS,17421.00,188.60,RKR-6,2026-09-27 11:30,0.0,2026-10-30 10:00,3046521
2026-09-27 12:30,REPAIR,9218234,EEMS TRAVELLER,NL,2137.00,90.78,"MKR-2, MKR-3",2026-09-27 12:29,0.0,2026-09-29 23:59,3046529
2026-09-27 16:29,REPAIR,9191747,KRISTEL,MT,2999.00,95.00,KRS-01,2026-09-27 16:00,0.0,2026-09-28 20:00,3046517
2026-09-28 14:34,LONG_STAY,1043566,MFM NICOLE,SG,27034.00,180.00,KRS-03,2026-09-18 13:47,10.0,2026-09-30 11:30,3046444
2026-09-29 00:30,REPAIR,9373503,SPANACO LOYALTY,AG,2990.00,89.80,KRS-02,2026-09-28 23:46,0.0,2026-09-30 12:00,3046504
2026-09-29 07:32,REPAIR,9196187,WESTBORG,NL,2868.00,89.25,KRS-01,2026-09-29 07:11,0.0,2026-09-30 00:00,3046541
2026-09-29 10:33,REPAIR,9962952,BALTIC SPLIT,PT,2518.00,89.70,KRS-07,2026-09-29 10:30,0.0,2026-09-30 06:00,3046543
2026-09-29 13:34,REPAIR,9155963,LISTER,FO,2863.00,89.96,RKR-7,2026-09-29 13:10,0.0,2026-09-30 05:00,3046545
2026-09-30 07:33,REPAIR,9687502,KONTICH,BE,26261.00,181.70,KRS-03,2026-09-30 07:14,0.0,2026-10-11 08:00,3046539
2026-09-30 21:36,REPAIR,9534547,FRISIAN SEA,NL,4298.00,118.19,RKR-7,2026-09-30 20:57,0.0,2026-10-02 00:30,3046555
2026-09-30 21:36,LONG_STAY,9226774,DALSLAND,NL,3925.00,99.95,RKR-4,2026-09-20 21:00,10.0,2026-10-31 00:00,3046473
2026-09-30 23:32,REPAIR,9620126,MEDWAY HORIZON,BB,20928.00,179.90,KRS-04,2026-09-30 22:44,0.0,2026-09-29 18:00,3046514
2026-10-01 09:41,LONG_STAY,9518995,RUBYLAND,PT,4220.00,106.00,"DG-19, PD-75",2026-09-21 09:20,10.0,2026-10-30 00:00,3046471
2026-10-01 10:35,REPAIR,9073581,SUNMI,BS,2825.00,90.46,PD-419,2026-10-01 09:47,0.0,2026-10-30 13:00,3046547
2026-10-01 12:35,REPAIR,9128336,TARZAN,PL,2901.00,89.99,VM-4,2026-10-01 11:40,0.0,2026-10-03 12:00,3046549
2026-10-02 07:34,REPAIR,9975753,CEMCOMMANDER,CY,4322.00,113.40,KRS-01,2026-10-02 07:15,0.0,2026-10-03 06:00,3046559
2026-10-02 10:34,REPAIR,9333462,KAISA,AG,3183.00,89.98,"MKR-1, RD-3, RKR-8",2026-10-02 10:22,0.0,2026-10-05 17:00,3046560
2026-10-02 10:34,LONG_STAY,9909041,HAMPTON SKY,PA,43987.00,228.90,"KS-30, MS-2, ZO-12",2026-09-22 10:25,10.0,2026-10-02 06:00,3046477
2026-10-02 19:35,REPAIR,8912027,GT VELA,AG,2481.00,87.37,"RD-3, RKR-8, VM-4",2026-10-02 19:00,0.0,2026-10-04 20:00,3046561
2026-10-03 04:31,REPAIR,9312377,KRISLIN,AG,3618.00,110.63,MKR-1,2026-10-03 02:20,0.1,2026-10-03 22:30,3046567
2026-10-03 13:35,REPAIR,9358278,NORRLAND,CY,4967.00,119.00,"JM-23, RKR-7",2026-10-02 04:00,1.4,2026-10-04 23:00,3046562
2026-10-04 16:47,REPAIR,9436783,KARITA,AG,4102.00,106.86,KRS-07,2026-10-04 11:05,0.2,2026-10-05 23:00,3046571
2026-10-04 16:47,LONG_STAY,9464027,BENJAMAS NAREE,SG,23670.00,182.50,"KRS-01, KRS-02, ZO-02, ZO-06",2026-09-24 14:15,10.1,2026-10-05 23:00,3046481
2026-10-04 23:32,LONG_STAY,9480992,URSULA ESSBERGER,PT,4807.00,99.00,MKR-4,2026-09-24 18:32,10.2,2026-10-30 11:00,3046508
2026-10-05 07:42,REPAIR,9088287,TOLLUND,PL,2818.00,91.46,MKR-1,2026-10-05 07:00,0.0,2026-10-07 20:00,3046578
2026-10-05 20:33,REPAIR,9196187,WESTBORG,NL,2868.00,89.25,"KRS-01, KRS-02",2026-10-05 20:05,0.0,2026-10-07 00:00,3046583
2026-10-06 09:41,REPAIR,9247120,OSTERBOTTEN,PT,4185.00,109.19,RKR-7,2026-10-06 09:38,0.0,2026-10-08 10:00,3046585
2026-10-07 01:33,REPAIR,9188958,KAMELIA,MT,2999.00,95.00,KRS-02,2026-10-07 00:45,0.0,2026-10-08 12:00,3046598
2026-10-07 03:46,REPAIR,9263306,AB MOM,MH,22655.00,199.99,"KRS-01, KRS-04",2026-10-07 03:35,0.0,2026-10-11 00:00,3046589
2026-10-07 11:37,LONG_STAY,9765873,BALTIC SPIRIT,BS,17421.00,188.60,"PD-791, RKR-6",2026-09-27 11:30,10.0,2026-10-30 10:00,3046521
